INSERT INTO ALUNO (ID, APELIDO, CELULAR, CPF, DATANASCIMENTO, EMAIL, MATRICULA, NOME)
VALUES (100, 'Lelê', '(79)98878-2690', '856.095.680-80', '2009-11-30', 'lele_maria@gmail.com', '202401010001','Letícia Maria Leite de Carvalho');

INSERT INTO ALUNO (ID, APELIDO, CELULAR, CPF, DATANASCIMENTO, EMAIL, MATRICULA, NOME)
VALUES (200, 'Lulu', '(79)98874-5482', '167.832.820-07', '2016-03-30', 'lulu_maria@gmail.com', '202401010002','Luiza Maria Leite de Carvalho');

INSERT INTO DISCIPLINA (ID, NOME, NUMEROCREDITOS)
VALUES (10, 'Programação I', 4);

INSERT INTO DISCIPLINA (ID, NOME, NUMEROCREDITOS)
VALUES (20, 'Programação II', 4);

INSERT INTO DISCIPLINA (ID, NOME, NUMEROCREDITOS)
VALUES (30, 'Programação III', 4);

INSERT INTO DISCIPLINA (ID, NOME, NUMEROCREDITOS)
VALUES (40, 'Banco de Dados I', 4);

INSERT INTO DISCIPLINA (ID, NOME, NUMEROCREDITOS)
VALUES (50, 'Banco de Dados II', 4);

INSERT INTO PROFESSOR (ID, NOME, CPF, EMAIL, DATANASCIMENTO, CELULAR, MATRICULA)
VALUES (1, 'Glauco Luiz Rezende de Carvalho', '009.717.570-62', 'glauco.carvalho@academico.ifs.edu.br', '1979-10-09', '(79)98113-0366', '202402080001');

INSERT INTO PROFESSOR (ID, NOME, CPF, EMAIL, DATANASCIMENTO, CELULAR, MATRICULA)
VALUES (2, 'Cristiane Oliveira', '078.247.965.07', 'cristiane.oliveira@academico.ifs.edu.br', '1985-06-01', '(79)988782690', '202402050001');

INSERT INTO TURMA (ID, DATAINICIO, DATAFIM, IDPROFESSOR, IDDISCIPLINA)
VALUES (1, '2014-06-01', NULL, 1, 10);

INSERT INTO TURMA(ID, DATAINICIO, DATAFIM, IDPROFESSOR, IDDISCIPLINA)
VALUES(2, '2014-06-02', NULL, 1, 20);

INSERT INTO TURMA(ID, DATAINICIO, DATAFIM, IDPROFESSOR, IDDISCIPLINA)
VALUES(3, '2014-06-03', NULL, 1, 30);

INSERT INTO TURMA(ID, DATAINICIO, DATAFIM, IDPROFESSOR, IDDISCIPLINA)
VALUES(4, '2014-06-04', NULL, 1, 40);

INSERT INTO TURMA(ID, DATAINICIO, DATAFIM, IDPROFESSOR, IDDISCIPLINA)
VALUES(5, '2014-06-05', NULL, 1, 50);

INSERT INTO MATRICULA (ID, IDTURMA, IDALUNO)
VALUES (1, 1, 100);

INSERT INTO MATRICULA (ID, IDTURMA, IDALUNO)
VALUES (2, 1, 200);

INSERT INTO MATRICULA (ID, IDTURMA, IDALUNO)
VALUES (3, 2, 100);

INSERT INTO MATRICULA (ID, IDTURMA, IDALUNO)
VALUES (4, 2, 200);

INSERT INTO MATRICULA (ID, IDTURMA, IDALUNO)
VALUES (5, 3, 100);

INSERT INTO MATRICULA (ID, IDTURMA, IDALUNO)
VALUES (6, 3, 200);

INSERT INTO MATRICULA (ID, IDTURMA, IDALUNO)
VALUES (7, 4, 100);

INSERT INTO MATRICULA (ID, IDTURMA, IDALUNO)
VALUES (8, 4, 200);

INSERT INTO MATRICULA (ID, IDTURMA, IDALUNO)
VALUES (9, 5, 100);

INSERT INTO MATRICULA (ID, IDTURMA, IDALUNO)
VALUES (10, 5, 200);


